tanggal,Sentiment_Score
2013-05-21,-0.2
2013-05-22,1.0
2013-05-23,-1.0
2013-05-24,-1.0
2013-05-27,-1.0
2013-05-28,0.3333333333333333
2013-05-29,0.3333333333333333
2013-05-30,-1.0
2013-05-31,-1.0
2013-06-04,1.0
2013-06-05,-1.0
2013-06-07,0.0
2013-06-10,0.0
2013-06-11,-1.0
2013-06-12,-0.3333333333333333
2013-06-13,-1.0
2013-06-18,1.0
2013-06-19,0.0
2013-06-20,-1.0
2013-06-21,-1.0
2013-06-23,-1.0
2013-06-24,-0.5
2013-06-26,1.0
2013-07-01,-1.0
2013-07-02,-0.3333333333333333
2013-07-03,-1.0
2013-07-04,1.0
2013-07-05,1.0
2013-07-08,-1.0
2013-07-10,1.0
2013-07-11,1.0
2013-07-12,-1.0
2013-07-15,0.0
2013-07-16,1.0
2013-07-17,1.0
2013-07-22,-1.0
2013-07-23,0.3333333333333333
2013-07-24,0.0
2013-07-25,-1.0
2013-07-30,1.0
2013-07-31,0.3333333333333333
2013-08-01,0.3333333333333333
2013-08-02,1.0
2013-08-06,1.0
2013-08-12,1.0
2013-08-13,1.0
2013-08-14,1.0
2013-08-15,-0.5
2013-08-16,-1.0
2013-08-18,-1.0
2013-08-19,-1.0
2013-08-20,-1.0
2013-08-21,-0.3333333333333333
2013-08-22,-0.6666666666666666
2013-08-26,0.0
2013-08-27,-1.0
2013-08-28,-0.3333333333333333
2013-08-30,1.0
2013-09-03,0.0
2013-09-04,-0.5
2013-09-05,1.0
2013-09-06,-0.3333333333333333
2013-09-09,1.0
2013-09-11,-0.5
2013-09-12,0.3333333333333333
2013-09-13,0.0
2013-09-16,1.0
2013-09-17,-0.3333333333333333
2013-09-19,1.0
2013-09-20,-1.0
2013-09-23,-1.0
2013-09-24,-1.0
2013-09-25,-1.0
2013-09-27,0.0
2013-09-30,-1.0
2013-10-01,0.3333333333333333
2013-10-02,1.0
2013-10-03,0.3333333333333333
2013-10-04,-1.0
2013-10-09,0.0
2013-10-10,1.0
2013-10-11,1.0
2013-10-16,-1.0
2013-10-17,-1.0
2013-10-21,1.0
2013-10-22,0.0
2013-10-23,1.0
2013-10-24,1.0
2013-10-25,0.0
2013-10-28,1.0
2013-10-29,-1.0
2013-10-30,-0.3333333333333333
2013-10-31,-1.0
2013-11-01,-1.0
2013-11-04,-1.0
2013-11-06,1.0
2013-11-08,-1.0
2013-11-11,-1.0
2013-11-12,-1.0
2013-11-13,-1.0
2013-11-14,1.0
2013-11-15,0.0
2013-11-19,-1.0
2013-11-20,-1.0
2013-11-21,-1.0
2013-11-22,-0.5
2013-11-25,1.0
2013-11-26,-0.3333333333333333
2013-11-29,-1.0
2013-12-02,0.5
2013-12-03,-1.0
2013-12-04,-1.0
2013-12-05,-1.0
2013-12-09,1.0
2013-12-10,1.0
2013-12-11,-1.0
2013-12-12,-1.0
2013-12-13,-1.0
2013-12-16,-1.0
2013-12-17,0.0
2013-12-18,1.0
2013-12-19,1.0
2013-12-20,-1.0
2013-12-23,0.0
2013-12-24,0.3333333333333333
2013-12-27,1.0
2013-12-30,1.0
2014-01-03,-1.0
2014-01-06,-1.0
2014-01-07,-0.3333333333333333
2014-01-08,-0.3333333333333333
2014-01-09,0.0
2014-01-10,1.0
2014-01-15,1.0
2014-01-16,0.0
2014-01-17,-1.0
2014-01-20,1.0
2014-01-21,0.3333333333333333
2014-01-22,0.3333333333333333
2014-01-27,-1.0
2014-01-28,-1.0
2014-01-29,1.0
2014-01-30,-1.0
2014-02-03,-1.0
2014-02-04,-1.0
2014-02-05,1.0
2014-02-06,1.0
2014-02-07,1.0
2014-02-10,0.3333333333333333
2014-02-11,1.0
2014-02-12,1.0
2014-02-17,1.0
2014-02-18,1.0
2014-02-19,1.0
2014-02-20,-1.0
2014-02-21,1.0
2014-02-24,-0.3333333333333333
2014-02-27,1.0
2014-02-28,1.0
2014-03-03,-0.3333333333333333
2014-03-04,-0.3333333333333333
2014-03-05,1.0
2014-03-06,1.0
2014-03-10,-1.0
2014-03-11,1.0
2014-03-12,-1.0
2014-03-13,1.0
2014-03-14,0.3333333333333333
2014-03-18,-1.0
2014-03-19,1.0
2014-03-20,-1.0
2014-03-21,1.0
2014-03-24,1.0
2014-03-25,-1.0
2014-03-27,-1.0
2014-03-28,0.0
2014-04-01,1.0
2014-04-02,0.0
2014-04-03,1.0
2014-04-04,-1.0
2014-04-07,1.0
2014-04-08,0.0
2014-04-10,-1.0
2014-04-11,0.0
2014-04-14,0.0
2014-04-16,1.0
2014-04-17,1.0
2014-04-18,1.0
2014-04-21,0.3333333333333333
2014-04-22,1.0
2014-04-23,1.0
2014-04-25,1.0
2014-04-28,-1.0
2014-04-29,0.0
2014-04-30,1.0
2014-05-02,0.0
2014-05-05,0.0
2014-05-06,-1.0
2014-05-07,0.0
2014-05-08,0.0
2014-05-09,1.0
2014-05-12,1.0
2014-05-13,1.0
2014-05-16,1.0
2014-05-19,1.0
2014-05-20,-1.0
2014-05-21,1.0
2014-05-22,1.0
2014-05-26,-0.3333333333333333
2014-05-28,1.0
2014-05-30,-0.3333333333333333
2014-06-02,-0.3333333333333333
2014-06-03,0.3333333333333333
2014-06-09,-1.0
2014-06-11,1.0
2014-06-12,-1.0
2014-06-13,-1.0
2014-06-16,-1.0
2014-06-17,1.0
2014-06-18,-1.0
2014-06-19,-1.0
2014-06-23,-1.0
2014-06-24,0.0
2014-06-25,-1.0
2014-06-26,1.0
2014-06-27,0.0
2014-06-30,1.0
2014-07-01,-1.0
2014-07-03,-1.0
2014-07-04,1.0
2014-07-07,1.0
2014-07-08,1.0
2014-07-10,0.6666666666666666
2014-07-14,0.3333333333333333
2014-07-15,1.0
2014-07-16,1.0
2014-07-17,-0.3333333333333333
2014-07-18,0.0
2014-07-21,1.0
2014-07-22,-1.0
2014-07-23,1.0
2014-07-24,1.0
2014-07-25,1.0
2014-08-05,-1.0
2014-08-06,-1.0
2014-08-07,0.0
2014-08-08,-0.3333333333333333
2014-08-11,0.3333333333333333
2014-08-13,1.0
2014-08-14,0.5
2014-08-15,-1.0
2014-08-18,0.0
2014-08-19,1.0
2014-08-20,1.0
2014-08-21,0.0
2014-08-25,-1.0
2014-08-27,1.0
2014-08-28,1.0
2014-08-29,-1.0
2014-09-01,0.3333333333333333
2014-09-02,1.0
2014-09-05,-1.0
2014-09-08,1.0
2014-09-09,-1.0
2014-09-10,-1.0
2014-09-11,0.3333333333333333
2014-09-12,0.0
2014-09-16,-1.0
2014-09-17,1.0
2014-09-18,1.0
2014-09-19,1.0
2014-09-22,-1.0
2014-09-23,-1.0
2014-09-24,-1.0
2014-09-26,-1.0
2014-09-29,-1.0
2014-09-30,-1.0
2014-10-01,0.0
2014-10-02,-1.0
2014-10-03,-1.0
2014-10-08,-1.0
2014-10-09,1.0
2014-10-10,-1.0
2014-10-13,-1.0
2014-10-14,0.0
2014-10-16,-1.0
2014-10-17,1.0
2014-10-20,1.0
2014-10-21,-1.0
2014-10-22,1.0
2014-10-23,1.0
2014-10-28,-1.0
2014-10-29,1.0
2014-10-30,-1.0
2014-10-31,1.0
2014-11-03,-0.3333333333333333
2014-11-04,0.0
2014-11-06,-1.0
2014-11-07,1.0
2014-11-10,-1.0
2014-11-11,1.0
2014-11-12,1.0
2014-11-13,-0.5
2014-11-18,1.0
2014-11-19,1.0
2014-11-20,-0.3333333333333333
2014-11-21,1.0
2014-11-24,1.0
2014-11-25,0.0
2014-11-26,-1.0
2014-11-28,-1.0
2014-12-01,-0.3333333333333333
2014-12-02,0.3333333333333333
2014-12-03,0.0
2014-12-04,1.0
2014-12-05,-1.0
2014-12-08,-1.0
2014-12-09,-1.0
2014-12-11,-1.0
2014-12-12,1.0
2014-12-15,-1.0
2014-12-16,-1.0
2014-12-17,0.0
2014-12-18,1.0
2014-12-19,1.0
2014-12-23,1.0
2014-12-24,1.0
2014-12-29,1.0
2014-12-30,1.0
2015-01-02,1.0
2015-01-05,-1.0
2015-01-06,-1.0
2015-01-07,0.0
2015-01-13,1.0
2015-01-14,-1.0
2015-01-15,1.0
2015-01-16,-1.0
2015-01-19,1.0
2015-01-20,-1.0
2015-01-21,0.0
2015-01-23,1.0
2015-01-26,-1.0
2015-01-27,0.0
2015-01-28,-1.0
2015-01-30,1.0
2015-02-02,1.0
2015-02-03,1.0
2015-02-04,1.0
2015-02-05,-1.0
2015-02-06,1.0
2015-02-09,-1.0
2015-02-10,-1.0
2015-02-12,1.0
2015-02-13,1.0
2015-02-16,0.0
2015-02-17,0.0
2015-02-18,1.0
2015-02-20,1.0
2015-02-24,1.0
2015-02-25,1.0
2015-02-26,0.3333333333333333
2015-02-27,1.0
2015-03-02,1.0
2015-03-03,0.3333333333333333
2015-03-05,1.0
2015-03-06,1.0
2015-03-09,-1.0
2015-03-10,0.3333333333333333
2015-03-11,-1.0
2015-03-12,0.0
2015-03-13,1.0
2015-03-17,1.0
2015-03-18,-1.0
2015-03-19,1.0
2015-03-20,-1.0
2015-03-23,1.0
2015-03-24,0.3333333333333333
2015-03-25,0.0
2015-03-26,-1.0
2015-03-27,-0.3333333333333333
2015-03-30,1.0
2015-03-31,1.0
2015-04-01,-1.0
2015-04-02,-1.0
2015-04-06,0.0
2015-04-07,1.0
2015-04-08,-1.0
2015-04-09,-1.0
2015-04-10,0.0
2015-04-13,-0.3333333333333333
2015-04-14,-1.0
2015-04-17,-1.0
2015-04-20,-1.0
2015-04-21,1.0
2015-04-22,-0.5
2015-04-23,-1.0
2015-04-24,-0.5
2015-04-29,-1.0
2015-04-30,-1.0
2015-05-04,0.0
2015-05-05,1.0
2015-05-06,-1.0
2015-05-11,0.5
2015-05-12,0.3333333333333333
2015-05-13,1.0
2015-05-15,-0.5
2015-05-18,0.0
2015-05-21,1.0
2015-05-22,-1.0
2015-05-25,-1.0
2015-05-26,-1.0
2015-05-27,-1.0
2015-05-29,-1.0
2015-06-01,-1.0
2015-06-03,-1.0
2015-06-05,0.0
2015-06-08,-1.0
2015-06-09,-1.0
2015-06-10,0.3333333333333333
2015-06-12,1.0
2015-06-15,-1.0
2015-06-17,1.0
2015-06-18,0.3333333333333333
2015-06-19,0.3333333333333333
2015-06-22,1.0
2015-06-24,1.0
2015-06-25,-1.0
2015-06-26,0.3333333333333333
2015-06-29,-1.0
2015-06-30,0.0
2015-07-01,0.0
2015-07-02,1.0
2015-07-03,1.0
2015-07-07,-0.3333333333333333
2015-07-08,-1.0
2015-07-09,-1.0
2015-07-10,1.0
2015-07-13,1.0
2015-07-14,1.0
2015-07-15,-1.0
2015-07-23,0.0
2015-07-27,-1.0
2015-07-28,-1.0
2015-07-29,1.0
2015-07-30,-1.0
2015-07-31,1.0
2015-08-03,1.0
2015-08-04,-1.0
2015-08-07,-1.0
2015-08-10,-1.0
2015-08-11,-1.0
2015-08-12,-1.0
2015-08-13,0.3333333333333333
2015-08-14,1.0
2015-08-19,-1.0
2015-08-20,-1.0
2015-08-21,-1.0
2015-08-24,-1.0
2015-08-25,1.0
2015-08-26,0.0
2015-08-27,1.0
2015-09-02,-1.0
2015-09-03,1.0
2015-09-04,0.0
2015-09-07,-1.0
2015-09-08,-1.0
2015-09-09,1.0
2015-09-10,-1.0
2015-09-11,1.0
2015-09-15,-1.0
2015-09-16,-1.0
2015-09-17,1.0
2015-09-18,1.0
2015-09-21,-1.0
2015-09-22,-1.0
2015-09-23,-1.0
2015-09-29,1.0
2015-09-30,1.0
2015-10-01,1.0
2015-10-02,-1.0
2015-10-05,1.0
2015-10-06,1.0
2015-10-07,1.0
2015-10-08,1.0
2015-10-13,-1.0
2015-10-15,1.0
2015-10-16,0.0
2015-10-19,1.0
2015-10-20,1.0
2015-10-21,1.0
2015-10-22,-1.0
2015-10-23,1.0
2015-10-28,-1.0
2015-10-29,-1.0
2015-10-30,-1.0
2015-11-03,1.0
2015-11-04,1.0
2015-11-05,-1.0
2015-11-06,0.0
2015-11-09,-1.0
2015-11-10,-1.0
2015-11-12,1.0
2015-11-13,0.0
2015-11-16,-1.0
2015-11-18,0.0
2015-11-19,1.0
2015-11-20,1.0
2015-11-23,1.0
2015-11-26,1.0
2015-11-27,-1.0
2015-11-30,-1.0
2015-12-01,1.0
2015-12-02,0.0
2015-12-03,-1.0
2015-12-04,-1.0
2015-12-07,1.0
2015-12-11,-1.0
2015-12-14,-1.0
2015-12-16,1.0
2015-12-17,1.0
2015-12-18,-1.0
2015-12-21,0.0
2015-12-28,1.0
2015-12-29,1.0
2015-12-30,1.0
2016-01-04,-0.6
2016-01-05,1.0
2016-01-06,1.0
2016-01-08,0.0
2016-01-11,-1.0
2016-01-12,1.0
2016-01-13,1.0
2016-01-14,-1.0
2016-01-15,1.0
2016-01-20,-1.0
2016-01-21,0.0
2016-01-22,1.0
2016-01-25,1.0
2016-01-26,-1.0
2016-01-27,1.0
2016-01-28,0.0
2016-02-04,1.0
2016-02-05,1.0
2016-02-09,-1.0
2016-02-10,-1.0
2016-02-11,1.0
2016-02-12,-1.0
2016-02-15,1.0
2016-02-16,0.5
2016-02-17,1.0
2016-02-18,1.0
2016-02-19,1.0
2016-02-22,-0.3333333333333333
2016-02-23,-0.3333333333333333
2016-02-24,-0.5
2016-02-25,1.0
2016-02-26,0.0
2016-03-01,1.0
2016-03-02,1.0
2016-03-03,1.0
2016-03-04,-1.0
2016-03-07,1.0
2016-03-08,-1.0
2016-03-10,-1.0
2016-03-11,-1.0
2016-03-14,1.0
2016-03-15,-1.0
2016-03-16,-0.5
2016-03-17,1.0
2016-03-18,1.0
2016-03-21,-0.3333333333333333
2016-03-22,0.0
2016-03-23,-1.0
2016-03-24,-1.0
2016-03-28,0.0
2016-03-29,-0.3333333333333333
2016-03-30,0.0
2016-04-01,-0.3333333333333333
2016-04-04,0.0
2016-04-05,0.0
2016-04-06,0.0
2016-04-11,-1.0
2016-04-12,0.2
2016-04-13,1.0
2016-04-14,0.0
2016-04-18,0.3333333333333333
2016-04-19,1.0
2016-04-20,-0.2
2016-04-21,0.5
2016-04-25,-1.0
2016-04-26,-0.5
2016-04-27,0.5
2016-04-28,1.0
2016-04-29,0.0
2016-05-03,0.3333333333333333
2016-05-04,-0.3333333333333333
2016-05-09,-1.0
2016-05-10,0.0
2016-05-11,1.0
2016-05-13,-0.3333333333333333
2016-05-16,-0.5
2016-05-17,0.0
2016-05-18,0.0
2016-05-20,0.3333333333333333
2016-05-23,1.0
2016-05-24,-0.5
2016-05-25,0.3333333333333333
2016-05-26,1.0
2016-05-27,0.0
2016-05-31,-1.0
2016-06-01,0.3333333333333333
2016-06-02,-0.3333333333333333
2016-06-03,1.0
2016-06-04,-1.0
2016-06-06,1.0
2016-06-09,-1.0
2016-06-10,-0.5
2016-06-13,-1.0
2016-06-14,0.0
2016-06-15,-1.0
2016-06-16,1.0
2016-06-20,0.0
2016-06-21,1.0
2016-06-22,1.0
2016-06-23,-1.0
2016-06-24,-0.3333333333333333
2016-06-27,-1.0
2016-06-29,1.0
2016-06-30,1.0
2016-07-01,1.0
2016-07-12,1.0
2016-07-13,0.0
2016-07-14,1.0
2016-07-15,1.0
2016-07-19,1.0
2016-07-20,1.0
2016-07-21,-1.0
2016-07-22,-0.6
2016-07-25,1.0
2016-07-27,1.0
2016-07-28,1.0
2016-07-29,0.5
2016-08-01,1.0
2016-08-02,1.0
2016-08-04,1.0
2016-08-05,1.0
2016-08-08,1.0
2016-08-09,0.3333333333333333
2016-08-10,0.0
2016-08-12,1.0
2016-08-15,1.0
2016-08-16,0.5
2016-08-18,1.0
2016-08-19,-0.3333333333333333
2016-08-22,1.0
2016-08-24,-1.0
2016-08-25,1.0
2016-08-26,0.0
2016-08-30,-0.3333333333333333
2016-08-31,1.0
2016-09-01,-1.0
2016-09-02,0.6
2016-09-05,0.5
2016-09-06,0.3333333333333333
2016-09-07,1.0
2016-09-08,-1.0
2016-09-09,-1.0
2016-09-13,-0.5
2016-09-14,-1.0
2016-09-15,0.3333333333333333
2016-09-19,1.0
2016-09-20,0.14285714285714285
2016-09-21,0.0
2016-09-22,1.0
2016-09-23,-1.0
2016-09-26,-0.3333333333333333
2016-09-27,0.2
2016-09-28,0.0
2016-09-29,1.0
2016-10-03,1.0
2016-10-04,0.7142857142857143
2016-10-05,0.0
2016-10-10,1.0
2016-10-11,-1.0
2016-10-12,-0.3333333333333333
2016-10-13,0.0
2016-10-14,0.0
2016-10-17,1.0
2016-10-18,1.0
2016-10-19,0.5
2016-10-20,0.5
2016-10-21,0.3333333333333333
2016-10-24,1.0
2016-10-26,0.0
2016-10-27,1.0
2016-10-28,0.0
2016-10-31,1.0
2016-11-01,1.0
2016-11-03,-1.0
2016-11-04,0.0
2016-11-07,0.5
2016-11-09,-1.0
2016-11-10,0.5
2016-11-11,-0.3333333333333333
2016-11-15,0.5
2016-11-16,1.0
2016-11-17,0.2
2016-11-18,-0.3333333333333333
2016-11-21,-0.6
2016-11-22,1.0
2016-11-23,0.0
2016-11-24,1.0
2016-11-25,1.0
2016-11-28,-1.0
2016-11-29,1.0
2016-11-30,1.0
2016-12-01,1.0
2016-12-02,1.0
2016-12-06,0.0
2016-12-07,-0.6
2016-12-08,0.5
2016-12-09,-0.3333333333333333
2016-12-13,-1.0
2016-12-15,-0.3333333333333333
2016-12-16,-1.0
2016-12-19,-0.5
2016-12-21,1.0
2016-12-22,-1.0
2016-12-23,-1.0
2016-12-26,0.0
2016-12-29,1.0
2016-12-30,1.0
2017-01-03,-1.0
2017-01-04,0.0
2017-01-05,1.0
2017-01-06,0.6
2017-01-09,-0.3333333333333333
2017-01-11,0.0
2017-01-12,0.0
2017-01-13,0.0
2017-01-16,0.0
2017-01-17,1.0
2017-01-18,1.0
2017-01-19,1.0
2017-01-20,-0.5
2017-01-23,1.0
2017-01-24,1.0
2017-01-25,1.0
2017-01-26,0.6
2017-01-27,-0.6
2017-01-31,-0.5
2017-02-01,0.6
2017-02-02,0.3333333333333333
2017-02-03,0.0
2017-02-06,1.0
2017-02-07,-0.6
2017-02-08,-1.0
2017-02-09,1.0
2017-02-10,0.0
2017-02-13,1.0
2017-02-14,-0.5
2017-02-16,-0.5
2017-02-17,0.0
2017-02-20,1.0
2017-02-21,0.5
2017-02-22,-0.3333333333333333
2017-02-23,-1.0
2017-02-24,1.0
2017-02-27,0.3333333333333333
2017-02-28,0.5
2017-03-01,-1.0
2017-03-02,0.0
2017-03-03,-1.0
2017-03-06,0.5
2017-03-07,-0.2
2017-03-08,-1.0
2017-03-09,-1.0
2017-03-10,-0.3333333333333333
2017-03-13,0.5
2017-03-14,1.0
2017-03-15,1.0
2017-03-16,1.0
2017-03-17,1.0
2017-03-18,1.0
2017-03-19,1.0
2017-03-20,0.0
2017-03-23,0.3333333333333333
2017-03-24,0.6
2017-03-27,-0.5
2017-03-29,1.0
2017-03-30,0.3333333333333333
2017-03-31,-1.0
2017-04-03,0.6
2017-04-04,1.0
2017-04-05,1.0
2017-04-06,-0.5
2017-04-07,-0.3333333333333333
2017-04-10,0.0
2017-04-11,-0.5
2017-04-12,0.2
2017-04-13,-0.5
2017-04-18,1.0
2017-04-20,0.0
2017-04-21,0.5
2017-04-25,1.0
2017-04-27,-1.0
2017-04-28,-0.3333333333333333
2017-05-02,0.3333333333333333
2017-05-03,-0.3333333333333333
2017-05-04,0.0
2017-05-08,1.0
2017-05-09,0.0
2017-05-10,-0.3333333333333333
2017-05-12,0.0
2017-05-15,-0.5
2017-05-17,-1.0
2017-05-18,0.3333333333333333
2017-05-19,0.3333333333333333
2017-05-22,1.0
2017-05-23,-1.0
2017-05-26,1.0
2017-05-29,-0.5
2017-05-30,-0.3333333333333333
2017-05-31,0.3333333333333333
2017-06-02,0.0
2017-06-05,1.0
2017-06-06,-1.0
2017-06-07,1.0
2017-06-08,-0.3333333333333333
2017-06-09,-1.0
2017-06-12,0.0
2017-06-13,1.0
2017-06-14,1.0
2017-06-15,-1.0
2017-06-16,0.3333333333333333
2017-06-19,1.0
2017-06-20,1.0
2017-06-22,-1.0
2017-07-03,1.0
2017-07-04,-0.6666666666666666
2017-07-05,-1.0
2017-07-06,-1.0
2017-07-07,-1.0
2017-07-10,-1.0
2017-07-11,0.0
2017-07-12,1.0
2017-07-13,-0.3333333333333333
2017-07-14,0.0
2017-07-17,0.0
2017-07-19,-1.0
2017-07-20,0.0
2017-07-24,-1.0
2017-07-25,1.0
2017-07-26,1.0
2017-07-27,1.0
2017-07-28,1.0
2017-08-01,-1.0
2017-08-02,0.3333333333333333
2017-08-03,-1.0
2017-08-04,-1.0
2017-08-07,1.0
2017-08-08,-1.0
2017-08-09,1.0
2017-08-14,1.0
2017-08-15,1.0
2017-08-16,1.0
2017-08-18,-1.0
2017-09-05,1.0
2017-09-06,1.0
2017-09-07,1.0
2017-09-08,1.0
2017-09-11,1.0
2017-09-12,1.0
2017-09-13,-1.0
2017-09-15,1.0
2017-09-16,1.0
2017-09-18,0.0
2017-09-19,1.0
2017-09-22,1.0
2017-09-25,0.0
2017-09-29,1.0
2017-09-30,0.0
2017-10-04,1.0
2017-10-05,-1.0
2017-10-06,-1.0
2017-10-09,-1.0
2017-10-10,-1.0
2017-10-11,-1.0
2017-10-12,0.0
2017-10-13,1.0
2017-10-17,1.0
2017-10-19,-1.0
2017-10-20,1.0
2017-10-23,1.0
2017-10-24,1.0
2017-10-25,-1.0
2017-11-01,-1.0
2017-11-03,1.0
2017-11-06,0.5
2017-11-07,1.0
2017-11-08,1.0
2017-11-09,1.0
2017-11-14,-1.0
2017-11-15,-1.0
2017-12-18,1.0
2017-12-19,1.0
2017-12-21,1.0
2017-12-22,1.0
2017-12-26,1.0
2017-12-28,1.0
2017-12-29,1.0
2018-01-02,1.0
2018-01-15,1.0
2018-01-17,1.0
2018-01-19,1.0
2018-01-22,1.0
2018-01-23,1.0
2018-01-24,1.0
2018-01-30,1.0
2018-02-23,-1.0
2018-03-07,-1.0
2018-03-12,1.0
2018-03-13,-1.0
2018-03-16,-1.0
2018-03-23,1.0
2018-04-17,-1.0
2018-04-25,-1.0
2018-04-26,-0.5
2018-04-27,-1.0
2018-05-08,-1.0
2018-05-09,1.0
2018-05-14,0.0
2018-05-15,-1.0
2018-05-25,1.0
2018-05-28,1.0
2018-05-31,-1.0
2018-06-06,1.0
2018-06-11,-1.0
2018-06-20,-1.0
2018-06-21,0.0
2018-06-22,-1.0
2018-06-25,0.0
2018-06-26,1.0
2018-06-27,1.0
2018-06-28,-1.0
2018-06-29,1.0
2018-07-02,1.0
2018-07-16,1.0
2018-07-19,-1.0
2018-07-20,-1.0
2018-07-27,1.0
2018-07-30,1.0
2018-07-31,-1.0
2018-08-10,1.0
2018-08-13,-1.0
2018-08-14,-1.0
2018-08-27,1.0
2018-09-17,0.0
2018-09-19,1.0
2018-09-20,1.0
2018-09-27,1.0
2018-10-02,-1.0
2018-10-11,-1.0
2018-10-12,1.0
2018-10-25,0.0
2018-11-26,1.0
2018-12-03,1.0
2018-12-24,-1.0
2018-12-26,1.0
2018-12-28,1.0
2019-01-21,1.0
2019-01-22,1.0
2019-01-23,1.0
2019-01-25,0.0
2019-01-31,1.0
2019-02-24,1.0
2019-02-25,-1.0
2019-03-18,1.0
2019-04-15,0.0
2019-04-17,1.0
2019-04-18,1.0
2019-04-22,1.0
2019-04-23,1.0
2019-04-24,1.0
2019-04-26,1.0
2019-05-17,-1.0
2019-05-19,-1.0
2019-05-20,-1.0
2019-05-21,1.0
2019-05-22,-1.0
2019-05-23,1.0
2019-06-28,1.0
2019-07-01,1.0
2019-07-23,1.0
2019-09-12,1.0
2019-09-24,-1.0
2019-09-25,-1.0
2019-09-30,1.0
2019-10-03,1.0
2019-10-04,-1.0
2019-10-31,0.0
2019-11-04,0.0
2019-11-05,1.0
2019-11-06,-0.3333333333333333
2019-11-07,-1.0
2019-11-08,1.0
2019-11-11,-1.0
2019-11-12,1.0
2019-11-13,-1.0
2019-11-18,-1.0
2019-11-19,0.0
2019-11-20,-1.0
2019-11-21,0.0
2019-12-01,-1.0
2019-12-02,-1.0
2019-12-03,0.0
2019-12-04,-1.0
2019-12-09,0.0
2019-12-26,1.0
2019-12-30,0.3333333333333333
2020-01-25,0.0
2020-01-27,-1.0
2020-01-31,-1.0
2020-02-03,-1.0
2020-02-06,1.0
2020-02-09,-1.0
2020-02-22,-1.0
2020-02-28,-1.0
2020-02-29,0.0
2020-03-02,1.0
2020-03-03,1.0
2020-03-04,1.0
2020-03-06,-1.0
2020-03-07,0.0
2020-03-09,-0.75
2020-03-10,0.0
2020-03-11,1.0
2020-03-12,-0.8181818181818182
2020-03-13,-0.3333333333333333
2020-03-16,-1.0
2020-03-17,-0.6
2020-03-18,-0.6
2020-03-19,-0.3333333333333333
2020-03-20,-0.3333333333333333
2020-03-21,-1.0
2020-03-23,-1.0
2020-03-25,1.0
2020-03-26,1.0
2020-03-27,1.0
2020-03-29,-1.0
2020-03-30,-1.0
2020-04-01,0.0
2020-04-02,-0.5
2020-04-03,1.0
2020-04-04,-1.0
2020-04-06,1.0
2020-04-08,-1.0
2020-04-09,0.5
2020-04-11,1.0
2020-04-13,-0.5
2020-04-14,0.0
2020-04-15,-1.0
2020-04-16,-1.0
2020-04-17,1.0
2020-04-19,1.0
2020-04-20,-1.0
2020-04-21,-1.0
2020-04-23,1.0
2020-04-24,-0.3333333333333333
2020-04-26,0.0
2020-04-27,0.3333333333333333
2020-04-28,1.0
2020-04-29,0.5
2020-05-04,-1.0
2020-05-05,1.0
2020-05-06,0.3333333333333333
2020-05-08,-0.3333333333333333
2020-05-10,1.0
2020-05-11,1.0
2020-05-12,-1.0
2020-05-13,-1.0
2020-05-15,0.3333333333333333
2020-05-16,0.0
2020-05-17,1.0
2020-05-18,1.0
2020-05-19,1.0
2020-05-20,-1.0
2020-05-25,-1.0
2020-05-26,1.0
2020-05-28,1.0
2020-05-29,0.3333333333333333
2020-05-30,1.0
2020-05-31,1.0
2020-06-02,1.0
2020-06-03,1.0
2020-06-04,1.0
2020-06-08,1.0
2020-06-09,0.3333333333333333
2020-06-10,-1.0
2020-06-11,-1.0
2020-06-12,0.0
2020-06-16,1.0
2020-06-17,0.5
2020-06-18,-1.0
2020-06-19,0.0
2020-06-21,-1.0
2020-06-23,-1.0
2020-06-24,1.0
2020-06-25,-1.0
2020-06-26,1.0
2020-06-28,-1.0
2020-06-29,-1.0
2020-07-01,1.0
2020-07-02,1.0
2020-07-03,1.0
2020-07-04,1.0
2020-07-06,0.3333333333333333
2020-07-07,0.3333333333333333
2020-07-09,-1.0
2020-07-10,-0.3333333333333333
2020-07-12,-1.0
2020-07-13,1.0
2020-07-14,0.3333333333333333
2020-07-15,-0.3333333333333333
2020-07-17,-1.0
2020-07-19,-1.0
2020-07-20,-1.0
2020-07-21,1.0
2020-07-22,0.0
2020-07-23,1.0
2020-07-27,1.0
2020-07-28,0.3333333333333333
2020-07-29,-1.0
2020-07-30,0.3333333333333333
2020-08-03,-1.0
2020-08-05,0.0
2020-08-06,0.3333333333333333
2020-08-07,-1.0
2020-08-10,0.3333333333333333
2020-08-11,0.0
2020-08-13,1.0
2020-08-14,-0.3333333333333333
2020-08-18,0.3333333333333333
2020-08-19,-0.3333333333333333
2020-08-23,-1.0
2020-08-24,0.3333333333333333
2020-08-26,1.0
2020-08-27,1.0
2020-08-28,0.3333333333333333
2020-08-29,1.0
2020-08-31,0.0
2020-09-01,0.3333333333333333
2020-09-03,0.0
2020-09-04,-1.0
2020-09-05,-1.0
2020-09-06,-1.0
2020-09-07,-1.0
2020-09-08,1.0
2020-09-09,-1.0
2020-09-10,-1.0
2020-09-11,-0.7142857142857143
2020-09-12,-1.0
2020-09-13,-1.0
2020-09-14,-1.0
2020-09-15,-1.0
2020-09-16,-1.0
2020-09-17,0.0
2020-09-18,0.3333333333333333
2020-09-20,-1.0
2020-09-21,1.0
2020-09-22,-1.0
2020-09-23,0.0
2020-09-24,-1.0
2020-09-25,0.5
2020-09-28,-1.0
2020-09-29,0.2
2020-09-30,-1.0
2020-10-01,0.3333333333333333
2020-10-02,-1.0
2020-10-05,0.6
2020-10-06,1.0
2020-10-07,0.3333333333333333
2020-10-08,1.0
2020-10-09,-1.0
2020-10-12,0.3333333333333333
2020-10-13,-0.3333333333333333
2020-10-14,-0.3333333333333333
2020-10-15,-1.0
2020-10-16,-0.3333333333333333
2020-10-20,-1.0
2020-10-21,0.3333333333333333
2020-10-22,-1.0
2020-10-23,1.0
2020-10-25,1.0
2020-10-27,-1.0
2020-10-28,1.0
2020-11-02,-1.0
2020-11-03,1.0
2020-11-04,0.3333333333333333
2020-11-05,0.5
2020-11-09,1.0
2020-11-10,1.0
2020-11-11,1.0
2020-11-12,-0.3333333333333333
2020-11-13,-1.0
2020-11-17,1.0
2020-11-18,1.0
2020-11-19,1.0
2020-11-20,-1.0
2020-11-22,-1.0
2020-11-23,-1.0
2020-11-25,0.3333333333333333
2020-11-26,0.3333333333333333
2020-11-27,1.0
2020-11-28,1.0
2020-11-29,1.0
2020-11-30,0.0
2020-12-01,-1.0
2020-12-03,1.0
2020-12-04,-1.0
2020-12-07,0.3333333333333333
2020-12-08,1.0
2020-12-10,0.0
2020-12-14,1.0
2020-12-15,-0.3333333333333333
2020-12-16,1.0
2020-12-17,0.3333333333333333
2020-12-18,-0.3333333333333333
2020-12-19,1.0
2020-12-22,0.0
2020-12-23,-1.0
2020-12-24,-1.0
2020-12-28,1.0
2020-12-29,0.3333333333333333
2020-12-30,-1.0
2021-01-04,1.0
2021-01-05,1.0
2021-01-06,0.0
2021-01-07,0.5
2021-01-08,1.0
2021-01-12,0.3333333333333333
2021-01-13,0.3333333333333333
2021-01-14,0.6666666666666666
2021-01-15,-1.0
2021-01-18,1.0
2021-01-19,-1.0
2021-01-20,-0.3333333333333333
2021-01-21,0.3333333333333333
2021-01-22,-1.0
2021-01-23,-1.0
2021-01-24,-1.0
2021-01-25,-1.0
2021-01-26,-1.0
2021-01-27,-1.0
2021-01-28,-0.3333333333333333
2021-01-29,-0.5
2021-01-30,-1.0
2021-02-02,0.0
2021-02-03,0.5
2021-02-04,1.0
2021-02-05,1.0
2021-02-07,1.0
2021-02-08,1.0
2021-02-09,0.3333333333333333
2021-02-10,0.3333333333333333
2021-02-11,1.0
2021-02-15,1.0
2021-02-16,1.0
2021-02-17,-1.0
2021-02-18,0.0
2021-02-19,-0.5
2021-02-22,1.0
2021-02-23,1.0
2021-02-24,-1.0
2021-02-25,0.5
2021-02-26,-0.3333333333333333
2021-03-01,0.5
2021-03-02,1.0
2021-03-04,-0.2
2021-03-05,-1.0
2021-03-06,0.0
2021-03-07,0.0
2021-03-08,0.0
2021-03-09,1.0
2021-03-10,1.0
2021-03-12,1.0
2021-03-13,1.0
2021-03-15,-0.5
2021-03-16,-0.3333333333333333
2021-03-18,0.5
2021-03-19,0.0
2021-03-21,1.0
2021-03-22,-1.0
2021-03-23,-1.0
2021-03-24,-1.0
2021-03-25,-1.0
2021-03-26,1.0
2021-03-27,-1.0
2021-03-29,0.3333333333333333
2021-03-30,-1.0
2021-03-31,-1.0
2021-04-01,0.5
2021-04-02,-1.0
2021-04-04,1.0
2021-04-05,-0.5
2021-04-06,1.0
2021-04-07,1.0
2021-04-08,1.0
2021-04-09,0.3333333333333333
2021-04-10,1.0
2021-04-12,-0.5
2021-04-13,-1.0
2021-04-15,1.0
2021-04-16,1.0
2021-04-17,1.0
2021-04-18,1.0
2021-04-19,-1.0
2021-04-20,-1.0
2021-04-21,0.0
2021-04-23,-1.0
2021-04-24,-1.0
2021-04-26,-0.3333333333333333
2021-04-27,-1.0
2021-04-28,0.3333333333333333
2021-04-29,1.0
2021-04-30,1.0
2021-05-03,-1.0
2021-05-04,1.0
2021-05-05,1.0
2021-05-06,0.0
2021-05-07,-1.0
2021-05-08,-1.0
2021-05-10,1.0
2021-05-17,0.0
2021-05-18,0.0
2021-05-19,-0.3333333333333333
2021-05-20,0.0
2021-05-21,-1.0
2021-05-25,1.0
2021-05-27,1.0
2021-05-31,1.0
2021-06-02,1.0
2021-06-09,0.0
2021-06-10,1.0
2021-06-14,0.3333333333333333
2021-06-15,-0.3333333333333333
2021-06-17,-1.0
2021-06-18,-1.0
2021-06-19,-1.0
2021-06-21,-1.0
2021-06-22,0.0
2021-06-25,1.0
2021-06-28,-1.0
2021-06-29,1.0
2021-07-01,1.0
2021-07-02,0.0
2021-07-05,-1.0
2021-07-06,1.0
2021-07-07,1.0
2021-07-15,1.0
2021-07-16,1.0
2021-07-17,1.0
2021-07-19,-1.0
2021-07-21,1.0
2021-07-22,1.0
2021-07-26,1.0
2021-07-28,-1.0
2021-07-29,0.3333333333333333
2021-08-07,1.0
2021-08-09,-1.0
2021-08-10,-1.0
2021-08-12,0.0
2021-08-13,0.0
2021-08-16,-0.3333333333333333
2021-08-18,-1.0
2021-08-19,-1.0
2021-08-20,0.0
2021-08-21,-1.0
2021-08-23,1.0
2021-08-24,-0.3333333333333333
2021-08-25,1.0
2021-08-26,-1.0
2021-08-27,-1.0
2021-08-28,0.0
2021-08-30,1.0
2021-08-31,0.0
2021-09-02,-0.3333333333333333
2021-09-03,1.0
2021-09-06,0.0
2021-09-07,1.0
2021-09-08,-1.0
2021-09-09,0.0
2021-09-10,0.5
2021-09-11,-1.0
2021-09-13,0.0
2021-09-14,1.0
2021-09-15,-0.5
2021-09-16,0.3333333333333333
2021-09-17,-0.3333333333333333
2021-09-19,1.0
2021-09-20,0.0
2021-09-21,-1.0
2021-09-22,1.0
2021-09-23,1.0
2021-09-24,1.0
2021-09-25,1.0
2021-09-28,-0.3333333333333333
2021-09-29,0.5
2021-09-30,1.0
2021-10-01,-0.3333333333333333
2021-10-04,1.0
2021-10-05,-0.5
2021-10-06,0.6
2021-10-07,0.0
2021-10-08,1.0
2021-10-09,1.0
2021-10-11,-0.5
2021-10-12,0.3333333333333333
2021-10-13,0.6
2021-10-15,0.3333333333333333
2021-10-18,1.0
2021-10-19,-0.3333333333333333
2021-10-21,0.3333333333333333
2021-10-23,1.0
2021-10-25,-0.3333333333333333
2021-10-26,0.5
2021-10-27,-0.5
2021-10-28,-1.0
2021-10-29,1.0
2021-10-31,-1.0
2021-11-01,0.3333333333333333
2021-11-02,-0.3333333333333333
2021-11-03,1.0
2021-11-04,1.0
2021-11-05,-1.0
2021-11-08,0.5
2021-11-09,1.0
2021-11-10,0.0
2021-11-11,1.0
2021-11-12,-1.0
2021-11-13,1.0
2021-11-15,-1.0
2021-11-16,0.5
2021-11-17,0.5
2021-11-18,1.0
2021-11-19,1.0
2021-11-20,1.0
2021-11-22,0.3333333333333333
2021-11-23,-0.5
2021-11-24,-0.5
2021-11-26,-1.0
2021-11-29,0.0
2021-11-30,0.5
2021-12-01,-0.5
2021-12-03,-1.0
2021-12-04,-1.0
2021-12-06,0.5
2021-12-07,1.0
2021-12-08,1.0
2021-12-10,-0.5
2021-12-11,1.0
2021-12-12,1.0
2021-12-13,1.0
2021-12-14,-1.0
2021-12-16,-0.3333333333333333
2021-12-17,-0.5
2021-12-18,-1.0
2021-12-20,-1.0
2021-12-21,0.0
2021-12-23,0.5
2021-12-24,1.0
2021-12-27,0.3333333333333333
2021-12-28,1.0
2021-12-30,0.0
2021-12-31,1.0
2022-01-03,1.0
2022-01-04,1.0
2022-01-05,1.0
2022-01-07,1.0
2022-01-08,1.0
2022-01-10,0.0
2022-01-11,0.0
2022-01-12,0.0
2022-01-14,0.5
2022-01-17,0.0
2022-01-18,-0.5
2022-01-19,-1.0
2022-01-21,0.5
2022-01-23,1.0
2022-01-24,-0.5
2022-01-25,-1.0
2022-01-26,-1.0
2022-01-27,0.0
2022-01-28,0.5
2022-01-31,0.6
2022-02-02,1.0
2022-02-03,1.0
2022-02-04,1.0
2022-02-05,1.0
2022-02-07,1.0
2022-02-08,0.0
2022-02-09,0.3333333333333333
2022-02-10,0.0
2022-02-11,-1.0
2022-02-12,1.0
2022-02-14,-0.3333333333333333
2022-02-15,0.0
2022-02-16,1.0
2022-02-17,-0.3333333333333333
2022-02-18,-0.3333333333333333
2022-02-19,1.0
2022-02-21,1.0
2022-02-22,1.0
2022-02-23,1.0
2022-02-24,-0.2
2022-02-25,0.5
2022-02-26,0.0
2022-02-28,1.0
2022-03-01,1.0
2022-03-04,0.5
2022-03-07,-1.0
2022-03-08,-0.3333333333333333
2022-03-09,1.0
2022-03-11,-1.0
2022-03-14,0.5
2022-03-15,0.0
2022-03-16,0.3333333333333333
2022-03-17,-1.0
2022-03-18,0.0
2022-03-21,-1.0
2022-03-22,1.0
2022-03-23,1.0
2022-03-24,1.0
2022-03-25,-0.5
2022-03-28,0.3333333333333333
2022-03-29,0.3333333333333333
2022-03-30,1.0
2022-03-31,1.0
2022-04-01,0.6
2022-04-02,1.0
2022-04-04,0.2
2022-04-05,1.0
2022-04-07,0.0
2022-04-08,1.0
2022-04-09,1.0
2022-04-11,0.6
2022-04-12,-1.0
2022-04-13,1.0
2022-04-14,0.0
2022-04-18,1.0
2022-04-19,0.0
2022-04-20,-1.0
2022-04-21,1.0
2022-04-22,0.2
2022-04-23,-1.0
2022-04-25,-1.0
2022-04-26,-1.0
2022-04-27,-1.0
2022-04-28,0.5
2022-04-29,0.0
2022-05-05,-1.0
2022-05-06,-1.0
2022-05-09,-1.0
2022-05-11,0.0
2022-05-12,-0.5
2022-05-13,-0.5
2022-05-14,-1.0
2022-05-18,1.0
2022-05-19,0.6666666666666666
2022-05-20,1.0
2022-05-24,0.5
2022-05-25,-0.3333333333333333
2022-05-27,0.5
2022-05-28,1.0
2022-05-30,1.0
2022-05-31,1.0
2022-06-02,-0.2
2022-06-03,0.5
2022-06-04,1.0
2022-06-06,-1.0
2022-06-08,0.3333333333333333
2022-06-09,0.5
2022-06-10,-1.0
2022-06-12,0.0
2022-06-13,-1.0
2022-06-14,1.0
2022-06-15,-0.3333333333333333
2022-06-16,0.5
2022-06-17,-1.0
2022-06-18,-1.0
2022-06-21,1.0
2022-06-22,-0.5
2022-06-23,0.3333333333333333
2022-06-24,1.0
2022-06-27,-0.3333333333333333
2022-06-28,-1.0
2022-06-29,-0.5
2022-06-30,0.0
2022-07-01,-1.0
2022-07-04,-1.0
2022-07-05,1.0
2022-07-06,-1.0
2022-07-07,1.0
2022-07-08,1.0
2022-07-10,-1.0
2022-07-11,-0.3333333333333333
2022-07-12,0.3333333333333333
2022-07-13,-1.0
2022-07-15,0.0
2022-07-16,-1.0
2022-07-18,1.0
2022-07-19,1.0
2022-07-20,1.0
2022-07-21,-1.0
2022-07-22,1.0
2022-07-24,0.0
2022-07-25,-0.3333333333333333
2022-07-26,1.0
2022-07-28,1.0
2022-07-29,0.5
2022-07-30,1.0
2022-08-01,1.0
2022-08-02,-0.3333333333333333
2022-08-03,1.0
2022-08-04,1.0
2022-08-05,1.0
2022-08-06,1.0
2022-08-07,1.0
2022-08-08,0.3333333333333333
2022-08-10,-0.5
2022-08-11,1.0
2022-08-12,-0.3333333333333333
2022-08-14,1.0
2022-08-15,-1.0
2022-08-18,1.0
2022-08-19,0.0
2022-08-20,0.0
2022-08-22,-0.5
2022-08-23,1.0
2022-08-24,1.0
2022-08-25,-1.0
2022-08-26,-1.0
2022-08-28,-1.0
2022-08-29,-1.0
2022-08-30,1.0
2022-09-01,-0.3333333333333333
2022-09-02,0.5
2022-09-05,0.6
2022-09-06,1.0
2022-09-08,1.0
2022-09-09,-0.3333333333333333
2022-09-10,1.0
2022-09-12,0.3333333333333333
2022-09-13,1.0
2022-09-15,0.5
2022-09-16,-1.0
2022-09-17,1.0
2022-09-18,-1.0
2022-09-19,0.3333333333333333
2022-09-20,0.0
2022-09-21,-1.0
2022-09-22,0.0
2022-09-23,-0.3333333333333333
2022-09-24,0.0
2022-09-26,-1.0
2022-09-28,-0.3333333333333333
2022-09-29,-1.0
2022-09-30,-0.5
2022-10-03,-0.5
2022-10-04,-1.0
2022-10-05,1.0
2022-10-06,1.0
2022-10-07,-1.0
2022-10-08,-1.0
2022-10-09,0.0
2022-10-10,-1.0
2022-10-11,-1.0
2022-10-12,-0.2
2022-10-13,0.0
2022-10-14,-0.3333333333333333
2022-10-17,1.0
2022-10-18,1.0
2022-10-19,0.0
2022-10-20,1.0
2022-10-21,1.0
2022-10-25,0.0
2022-10-26,-0.5
2022-10-27,0.5
2022-10-28,-1.0
2022-10-31,1.0
2022-11-01,-0.3333333333333333
2022-11-02,-1.0
2022-11-03,0.0
2022-11-04,-1.0
2022-11-07,1.0
2022-11-08,-0.5
2022-11-09,1.0
2022-11-10,-1.0
2022-11-14,-0.3333333333333333
2022-11-15,1.0
2022-11-16,-1.0
2022-11-17,0.3333333333333333
2022-11-19,0.0
2022-11-21,0.2
2022-11-22,0.0
2022-11-23,0.5
2022-11-24,0.0
2022-11-25,-1.0
2022-11-27,-1.0
2022-11-28,-0.3333333333333333
2022-11-29,-1.0
2022-11-30,0.0
2022-12-02,-1.0
2022-12-04,0.0
2022-12-05,-1.0
2022-12-06,-1.0
2022-12-07,-1.0
2022-12-08,-1.0
2022-12-09,-1.0
2022-12-10,-1.0
2022-12-12,-1.0
2022-12-14,0.0
2022-12-15,-1.0
2022-12-16,-0.5
2022-12-18,1.0
2022-12-19,-1.0
2022-12-20,-1.0
2022-12-21,0.6
2022-12-22,0.5
2022-12-23,-1.0
2022-12-24,-1.0
2022-12-27,1.0
2022-12-28,-0.5
2022-12-29,-0.2
2022-12-30,-1.0
2023-01-02,0.2
2023-01-03,0.7142857142857143
2023-01-04,0.0
2023-01-05,-1.0
2023-01-06,0.2
2023-01-08,-1.0
2023-01-09,1.0
2023-01-10,-1.0
2023-01-12,1.0
2023-01-13,0.0
2023-01-14,-1.0
2023-01-16,0.5
2023-01-17,1.0
2023-01-18,-1.0
2023-01-19,0.5
2023-01-20,1.0
2023-01-22,1.0
2023-01-24,1.0
2023-01-25,-1.0
2023-01-26,0.2
2023-01-27,1.0
2023-01-29,1.0
2023-01-30,1.0
2023-01-31,-1.0
2023-02-01,0.0
2023-02-02,0.5
2023-02-03,0.0
2023-02-06,-1.0
2023-02-07,0.6
2023-02-08,0.2
2023-02-09,0.0
2023-02-10,-1.0
2023-02-12,-1.0
2023-02-13,0.6
2023-02-14,0.5
2023-02-16,1.0
2023-02-17,-1.0
2023-02-18,0.0
2023-02-20,-0.3333333333333333
2023-02-21,-0.3333333333333333
2023-02-22,-1.0
2023-02-23,0.5
2023-02-24,0.6
2023-02-25,-1.0
2023-02-27,-1.0
2023-03-01,0.6666666666666666
2023-03-02,0.6
2023-03-03,-0.3333333333333333
2023-03-07,-0.5
2023-03-08,-0.3333333333333333
2023-03-09,1.0
2023-03-11,-1.0
2023-03-13,-0.5
2023-03-14,-1.0
2023-03-15,-0.3333333333333333
2023-03-16,-1.0
2023-03-17,-1.0
2023-03-20,-1.0
2023-03-21,1.0
2023-03-24,1.0
2023-03-26,1.0
2023-03-27,-0.3333333333333333
2023-03-28,1.0
2023-03-29,1.0
2023-03-31,1.0
2023-04-01,1.0
2023-04-03,1.0
2023-04-04,1.0
2023-04-05,-0.3333333333333333
2023-04-06,0.0
2023-04-11,-1.0
2023-04-12,-1.0
2023-04-13,-1.0
2023-04-14,1.0
2023-04-15,1.0
2023-04-17,0.0
2023-04-26,1.0
2023-04-27,1.0
2023-04-28,-1.0
2023-04-29,1.0
2023-05-02,-1.0
2023-05-03,-1.0
2023-05-05,-1.0
2023-05-08,-1.0
2023-05-09,-1.0
2023-05-10,1.0
2023-05-11,0.0
2023-05-15,0.0
2023-05-16,-1.0
2023-05-17,-1.0
2023-05-19,0.3333333333333333
2023-05-21,-1.0
2023-05-22,-1.0
2023-05-24,-1.0
2023-05-25,-0.3333333333333333
2023-05-26,0.0
2023-05-29,0.0
2023-05-30,-0.3333333333333333
2023-05-31,1.0
2023-06-05,0.0
2023-06-06,-0.3333333333333333
2023-06-07,1.0
2023-06-08,0.3333333333333333
2023-06-09,1.0
2023-06-12,1.0
2023-06-14,0.3333333333333333
2023-06-15,0.3333333333333333
2023-06-16,-0.3333333333333333
2023-06-17,1.0
2023-06-19,-0.3333333333333333
2023-06-20,-1.0
2023-06-22,0.0
2023-06-23,-1.0
2023-06-24,-1.0
2023-06-25,-1.0
2023-06-26,0.0
2023-06-27,-0.3333333333333333
2023-07-03,1.0
2023-07-05,1.0
2023-07-06,1.0
2023-07-07,0.0
2023-07-09,1.0
2023-07-10,1.0
2023-07-12,1.0
2023-07-13,1.0
2023-07-14,1.0
2023-07-16,1.0
2023-07-17,0.3333333333333333
2023-07-18,-0.3333333333333333
2023-07-20,-1.0
2023-07-24,1.0
2023-07-25,1.0
2023-07-26,1.0
2023-07-27,0.3333333333333333
2023-07-28,0.0
2023-08-01,-1.0
2023-08-02,-1.0
2023-08-03,0.3333333333333333
2023-08-04,-0.3333333333333333
2023-08-07,0.0
2023-08-09,1.0
2023-08-10,1.0
2023-08-11,-0.3333333333333333
2023-08-12,1.0
2023-08-14,-1.0
2023-08-15,0.0
2023-08-16,-1.0
2023-08-21,0.0
2023-08-22,1.0
2023-08-23,0.3333333333333333
2023-08-24,0.0
2023-08-25,-1.0
2023-08-29,1.0
2023-08-30,1.0
2023-08-31,-0.3333333333333333
2023-09-01,1.0
2023-09-04,1.0
2023-09-06,0.0
2023-09-07,-1.0
2023-09-08,-1.0
2023-09-09,-1.0
2023-09-11,-1.0
2023-09-12,1.0
2023-09-14,1.0
2023-09-15,0.3333333333333333
2023-09-18,-1.0
2023-09-19,0.5
2023-09-20,1.0
2023-09-21,0.0
2023-09-24,1.0
2023-09-25,0.0
2023-09-26,0.3333333333333333
2023-09-27,0.3333333333333333
2023-09-29,1.0
2023-09-30,-1.0
2023-10-01,1.0
2023-10-03,-1.0
2023-10-04,-1.0
2023-10-05,0.3333333333333333
2023-10-06,1.0
2023-10-07,-1.0
2023-10-09,0.0
2023-10-11,1.0
2023-10-12,1.0
2023-10-13,-0.3333333333333333
2023-10-14,1.0
2023-10-16,-0.3333333333333333
2023-10-17,1.0
2023-10-19,-1.0
2023-10-20,-0.3333333333333333
2023-10-21,0.0
2023-10-23,-1.0
2023-10-24,0.3333333333333333
2023-10-25,1.0
2023-10-26,0.0
2023-10-29,-1.0
2023-10-30,-0.5
2023-10-31,0.0
2023-11-01,-0.3333333333333333
2023-11-02,1.0
2023-11-06,1.0
2023-11-07,0.0
2023-11-08,-0.3333333333333333
2023-11-09,1.0
2023-11-10,-0.3333333333333333
2023-11-14,1.0
2023-11-15,1.0
2023-11-16,0.3333333333333333
2023-11-17,0.0
2023-11-19,1.0
2023-11-20,1.0
2023-11-21,-1.0
2023-11-22,-1.0
2023-11-23,1.0
2023-11-24,1.0
2023-11-25,1.0
2023-11-27,1.0
2023-11-29,0.0
2023-11-30,1.0
2023-12-01,-0.3333333333333333
2023-12-03,1.0
2023-12-04,1.0
2023-12-05,1.0
2023-12-07,0.0
2023-12-08,1.0
2023-12-09,1.0
2023-12-10,1.0
2023-12-11,0.0
2023-12-12,1.0
2023-12-13,1.0
2023-12-14,1.0
2023-12-15,1.0
2023-12-16,1.0
2023-12-18,-0.3333333333333333
2023-12-19,1.0
2023-12-20,-1.0
2023-12-21,-1.0
2023-12-22,0.3333333333333333
2023-12-27,1.0
2023-12-28,0.3333333333333333
2023-12-29,0.0
2024-01-02,1.0
2024-01-03,0.0
2024-01-04,1.0
2024-01-05,0.3333333333333333
2024-01-06,0.0
2024-01-09,0.0
2024-01-10,-0.3333333333333333
2024-01-11,0.3333333333333333
2024-01-12,1.0
2024-01-13,-1.0
2024-01-14,1.0
2024-01-15,1.0
2024-01-17,-1.0
2024-01-18,1.0
2024-01-19,0.0
2024-01-21,-1.0
2024-01-22,0.0
2024-01-23,0.0
2024-01-25,0.0
2024-01-26,-1.0
2024-01-28,-1.0
2024-01-29,0.5
2024-01-30,0.0
2024-02-01,-1.0
2024-02-02,1.0
2024-02-03,1.0
2024-02-05,-0.3333333333333333
2024-02-06,0.0
2024-02-07,1.0
2024-02-13,-1.0
2024-02-15,1.0
2024-02-16,1.0
2024-02-19,-1.0
2024-02-20,0.3333333333333333
2024-02-22,-1.0
2024-02-23,-0.5
2024-02-25,-1.0
2024-02-26,-1.0
2024-02-27,0.3333333333333333
2024-02-28,1.0
2024-03-01,0.0
2024-03-02,0.0
2024-03-04,-0.3333333333333333
2024-03-05,-1.0
2024-03-06,0.3333333333333333
2024-03-07,0.3333333333333333
2024-03-13,1.0
2024-03-14,0.3333333333333333
2024-03-15,-0.3333333333333333
2024-03-18,-0.5
2024-03-19,1.0
2024-03-21,1.0
2024-03-22,-0.3333333333333333
2024-03-23,1.0
2024-03-25,0.5
2024-03-26,-1.0
2024-03-27,0.0
2024-03-30,-1.0
2024-04-01,-0.5
2024-04-02,0.0
2024-04-03,-0.3333333333333333
2024-04-04,1.0
2024-04-05,0.0
2024-04-16,-1.0
2024-04-17,-0.6
2024-04-18,0.3333333333333333
2024-04-19,-0.3333333333333333
2024-04-20,-1.0
2024-04-23,1.0
2024-04-24,1.0
2024-04-25,-0.3333333333333333
2024-04-26,-0.3333333333333333
2024-04-27,0.0
2024-04-29,0.0
2024-05-03,1.0
2024-05-04,1.0
2024-05-06,0.5
2024-05-07,0.3333333333333333
2024-05-08,0.3333333333333333
2024-05-14,0.0
2024-05-15,0.2
2024-05-16,0.3333333333333333
2024-05-17,1.0
2024-05-18,1.0
2024-05-20,1.0
2024-05-22,1.0
2024-05-23,-1.0
2024-05-24,1.0
2024-05-27,0.3333333333333333
2024-05-28,1.0
2024-05-29,-1.0
2024-05-31,-1.0
2024-06-02,-1.0
2024-06-03,0.3333333333333333
2024-06-04,1.0
2024-06-05,0.3333333333333333
2024-06-06,0.3333333333333333
2024-06-07,1.0
2024-06-10,1.0
2024-06-11,-1.0
2024-06-12,-1.0
2024-06-13,-0.3333333333333333
2024-06-14,-1.0
2024-06-19,-1.0
2024-06-20,-0.3333333333333333
2024-06-21,1.0
2024-06-22,1.0
2024-06-24,1.0
2024-06-25,-1.0
2024-06-26,1.0
2024-06-28,1.0
2024-06-30,1.0
2024-07-01,1.0
2024-07-02,0.3333333333333333
2024-07-03,0.5
2024-07-04,1.0
2024-07-08,-1.0
2024-07-09,-0.3333333333333333
2024-07-10,0.3333333333333333
2024-07-11,1.0
2024-07-12,1.0
2024-07-15,-1.0
2024-07-16,-1.0
2024-07-17,0.0
2024-07-18,0.3333333333333333
2024-07-19,-0.3333333333333333
2024-07-21,-1.0
2024-07-22,-1.0
2024-07-23,-1.0
2024-07-24,-1.0
2024-07-25,-1.0
2024-07-26,0.3333333333333333
2024-07-28,-1.0
2024-07-29,1.0
2024-07-30,-1.0
2024-08-01,1.0
2024-08-02,-0.3333333333333333
2024-08-04,1.0
2024-08-05,-1.0
2024-08-06,0.0
